{"last_tab":"","archive_placeholder":{"url":"","id":"","height":"","width":"","thumbnail":""},"page_animation":"0","logo":{"url":"","id":"","height":"","width":"","thumbnail":""},"logo_retina":{"url":"","id":"","height":"","width":"","thumbnail":""},"header":"layout1","header_search":"1","backtotop":"1","footer":"1","footer_top":"1","footer_widgets":"1","footer_widgets_layout":"3-3-3-3","footer_bottom":"","footer_copyright":"1","footer_copyright_layout":"centered","footer_copyright_left":"","footer_copyright_right":"copyright","footer_socials":"","footer_copyright_text":"<p style=\"margin-bottom: 38px;\"><a href=\"http:\/\/wingman.kitethemes.com\/\"><img src=\"http:\/\/wingman.kitethemes.com\/wp-content\/themes\/wingman\/assets\/images\/logo-light.png\" alt=\"Wingman\" \/><\/a><\/p>\r\n<p style=\"margin-bottom: 24px;\"><img src=\"http:\/\/wingman.kitethemes.com\/wp-content\/themes\/wingman\/assets\/images\/payment.png\" alt=\"payment\" \/><\/p>\r\nCopyright \u00a9 2015 - <a href=\"http:\/\/wingman.kitethemes.com\/\">Wing Man<\/a> - All rights reserved.<br \/>\r\nPowered by <a href=\"http:\/\/wordpress.org\" target=\"_blank\">Wordpress<\/a>","use_page_loader":"1","layout_loader":"style-1","background_page_loader":{"background-color":"#FFFFFF"},"color_first_loader":"#82c14f","color_second_loader":"#cccccc","styling_accent":"#82c14f","styling_link":{"regular":"#82c14f","hover":"#689a3f","active":"#689a3f"},"logo_width":{"width":"215px","units":"px"},"logo_margin_spacing":{"margin-top":"25px","margin-right":"0","margin-bottom":"25px","margin-left":"0","units":"px"},"logo_mobile_width":{"width":"190px","units":"px"},"logo_mobile_margin_spacing":{"margin-top":"16px","margin-right":"0","margin-bottom":"17px","margin-left":"0","units":"px"},"fixed_header":"3","logo_sticky_width":{"width":"215px","units":"px"},"logo_sticky_margin_spacing":{"margin-top":"0","margin-right":"0","margin-bottom":"0","margin-left":"0","units":"px"},"navigation_height_fixed":{"height":"60px","units":"px"},"header_sticky_background":{"background-color":"#252525"},"header_sticky_opacity":"0.8","footer_background":{"background-color":"","background-repeat":"","background-size":"","background-attachment":"","background-position":"","background-image":"","media":{"id":"","height":"","width":"","thumbnail":""}},"footer_padding":{"padding-top":"","padding-bottom":"","units":"px"},"footer_border":{"border-top":"","border-right":"","border-bottom":"","border-left":"","border-style":"solid","border-color":""},"footer_top_background":{"background-color":"","background-repeat":"","background-size":"","background-attachment":"","background-position":"","background-image":"","media":{"id":"","height":"","width":"","thumbnail":""}},"footer_top_padding":{"padding-top":"","padding-bottom":"","units":"px"},"footer_top_border":{"border-top":"","border-right":"","border-bottom":"","border-left":"","border-style":"solid","border-color":""},"footer_widgets_background":{"background-color":"#1e1e1e","background-repeat":"","background-size":"","background-attachment":"","background-position":"","background-image":"","media":{"id":"","height":"","width":"","thumbnail":""}},"footer_widgets_padding":{"padding-top":"","padding-bottom":"","units":"px"},"footer_bottom_background":{"background-color":"","background-repeat":"","background-size":"","background-attachment":"","background-position":"","background-image":"","media":{"id":"","height":"","width":"","thumbnail":""}},"footer_bottom_padding":{"padding-top":"","padding-bottom":"","units":"px"},"footer_copyright_border":{"border-top":"1px","border-right":"","border-bottom":"","border-left":"","border-style":"solid","border-color":"#353535"},"footer_copyright_background":{"background-color":"#1e1e1e","background-repeat":"","background-size":"","background-attachment":"","background-position":"","background-image":"","media":{"id":"","height":"","width":"","thumbnail":""}},"footer_copyright_padding":{"padding-top":"","padding-bottom":"","units":"px"},"footer_socials_style":"accent","custom_color_social":"#d0a852","footer_socials_background":"empty","footer_socials_size":"small","footer_socials_space_between_item":"3","navigation_height":{"height":"60px","units":"px"},"navigation_border":{"border-top":"","border-right":"","border-bottom":"1px","border-left":"","border-style":"solid","border-color":"#e5e5e5"},"navigation_background":{"background-color":"#1e1e1e","background-repeat":"","background-size":"","background-attachment":"","background-position":"","background-image":"","media":{"id":"","height":"","width":"","thumbnail":""}},"navigation_box_border":{"border-top":"2px","border-right":"","border-bottom":"","border-left":"","border-style":"solid","border-color":"#82c14f"},"navigation_box_background":{"background-color":"#FFFFFF","background-repeat":"","background-size":"","background-attachment":"","background-position":"","background-image":"","media":{"id":"","height":"","width":"","thumbnail":""}},"navigation_space":"30","navigation_color":"#ffffff","navigation_color_hover":"#82c14f","navigation_dropdown":{"width":"300px","units":"px"},"dropdown_background":{"background-color":""},"dropdown_background_hover":{"background-color":""},"dropdown_color":"#707070","dropdown_color_hover":"#82c14f","mega_title_color":"#252525","mega_title_color_hover":"#82c14f","mega_color":"#707070","mega_color_hover":"#82c14f","mobile_menu_background":{"background-color":"#FFFFFF","background-repeat":"","background-size":"","background-attachment":"","background-position":"","background-image":"","media":{"id":"","height":"","width":"","thumbnail":""}},"mobile_menu_color":"#282828","mobile_menu_color_hover":"#282828","mobile_menu_background_hover":{"background-color":"#F5F5F5"},"mobile_sub_color":"#282828","mobile_sub_color_hover":"#82c14f","mobile_title_color":"#282828","mobile_title_color_hover":"#82c14f","typography_body":{"font-family":"","font-options":"","google":"1","font-weight":"","font-style":"","subsets":"","font-size":"","line-height":"","letter-spacing":"","color":""},"typography_pragraph":{"font-family":"","font-options":"","google":"1","font-weight":"","font-style":"","subsets":"","font-size":"","line-height":""},"typography_blockquote":{"font-family":"","font-options":"","google":"1","font-weight":"","font-style":"","subsets":"","font-size":"","line-height":""},"typography_heading1":{"font-family":"Josefin Slab","font-options":"","google":"1","font-weight":"700","font-style":"","subsets":"latin","text-transform":"uppercase","font-size":"","line-height":"","letter-spacing":"","color":""},"typography_heading2":{"font-family":"Josefin Slab","font-options":"","google":"1","font-weight":"700","font-style":"","subsets":"latin","text-transform":"","font-size":"","line-height":"","letter-spacing":"","color":""},"typography_heading3":{"font-family":"Josefin Slab","font-options":"","google":"1","font-weight":"700","font-style":"","subsets":"latin","text-transform":"","font-size":"","line-height":"","letter-spacing":"","color":""},"typography_heading4":{"font-family":"Josefin Slab","font-options":"","google":"1","font-weight":"700","font-style":"","subsets":"latin","text-transform":"","font-size":"","line-height":"","letter-spacing":"","color":""},"typography_heading5":{"font-family":"Josefin Slab","font-options":"","google":"1","font-weight":"700","font-style":"","subsets":"latin","text-transform":"","font-size":"","line-height":"","letter-spacing":"","color":""},"typography_heading6":{"font-family":"Josefin Slab","font-options":"","google":"1","font-weight":"700","font-style":"","subsets":"latin","text-transform":"","font-size":"","line-height":"","letter-spacing":"","color":""},"typography_header_content":{"font-family":"","font-options":"","google":"1","font-weight":"","font-style":"","subsets":"","font-size":"","line-height":"","color":""},"typography_footer_top":{"font-family":"","font-options":"","google":"1","font-weight":"","font-style":"","subsets":"","font-size":"","line-height":"","color":""},"typography_footer_widgets":{"font-family":"","font-options":"","google":"1","font-weight":"","font-style":"","subsets":"","font-size":"","line-height":"","color":"#707070"},"typography_footer_widgets_title":{"font-family":"","font-options":"","google":"1","font-weight":"","font-style":"","subsets":"","text-align":"","text-transform":"","font-size":"","line-height":"","letter-spacing":"","color":""},"typography_footer_widgets_link":{"regular":"#707070","hover":"#ffffff","active":"#ffffff"},"typography_footer_copyright_link":{"regular":"#707070","hover":"#ffffff","active":"#ffffff"},"typography_footer_copyright":{"font-family":"","font-options":"","google":"1","font-weight":"","font-style":"","subsets":"","font-size":"","line-height":"","color":""},"typography_sidebar":{"font-family":"","font-options":"","google":"1","font-weight":"","font-style":"","subsets":"","text-align":"","text-transform":"uppercase","font-size":"","line-height":"","letter-spacing":"","color":""},"typography_sidebar_content":{"font-family":"","font-options":"","google":"1","font-weight":"","font-style":"","subsets":"","text-align":"","font-size":"","line-height":"","color":""},"typography-navigation_top":{"font-family":"","font-options":"","google":"1","font-weight":"","font-style":"","subsets":"","text-transform":"uppercase","font-size":"","letter-spacing":""},"typography_navigation_second":{"font-family":"","font-options":"","google":"1","font-weight":"","font-style":"","subsets":"","text-transform":"","font-size":"","letter-spacing":""},"typography_navigation_heading":{"font-family":"Josefin Slab","font-options":"","google":"1","font-weight":"700","font-style":"","subsets":"latin","text-transform":"uppercase","font-size":"","letter-spacing":""},"typography_navigation_mega_link":{"font-family":"","font-options":"","google":"1","font-weight":"","font-style":"","subsets":"","text-transform":"","font-size":""},"typography_mobile_navigation_top":{"font-family":"","font-options":"","google":"1","font-weight":"","font-style":"","subsets":"","text-transform":"uppercase","font-size":"","letter-spacing":""},"typography_mobile_navigation_second":{"font-family":"","font-options":"","google":"1","font-weight":"","font-style":"","subsets":"","text-transform":"","font-size":"","letter-spacing":""},"typography_mobile_navigation_heading":{"font-family":"","font-options":"","google":"1","font-weight":"700","font-style":"","subsets":"","text-transform":"uppercase","font-size":"","letter-spacing":""},"custom_sidebars":[{"title":"","description":"","url":"","sort":"0","attachment_id":"","thumb":"","image":"","height":"","width":""}],"title_layout":"centered","title_align":"center","title_breadcrumbs":"1","title_breadcrumbs_mobile":"","title_separator":"1","title_separator_color":{"background-color":""},"title_padding":{"padding-top":"","padding-bottom":"","units":"px"},"title_background":{"background-color":"","background-repeat":"","background-size":"","background-attachment":"","background-position":"","background-image":"","media":{"id":"","height":"","width":"","thumbnail":""}},"title_typography":{"font-family":"Josefin Slab","font-options":"","google":"1","font-weight":"700","font-style":"","subsets":"latin","text-transform":"uppercase","font-size":"","letter-spacing":"","color":""},"title_typography_subtitle":{"font-family":"","font-options":"","google":"1","font-weight":"","font-style":"","subsets":"","text-transform":"","font-size":"","color":""},"title_typography_breadcrumbs":{"font-family":"","font-options":"","google":"1","font-weight":"","font-style":"","subsets":"","font-size":"","color":""},"show_page_header":"1","sidebar_left":"primary-widget-area","sidebar_right":"primary-widget-area","show_page_comment":"0","archive_page_header":"1","archive_sidebar":"left","archive_sidebar_left":"blog-widget-area","archive_sidebar_right":"blog-widget-area","archive_loop_style":"list","archive_columns":"2","archive_columns_tablet":"2","archive_sharebox":"0","archive_align":"left","archive_readmore":"link","archive_thumbnail_type":"image","archive_excerpt":"1","archive_excerpt_length":"15","archive_pagination":"classic","archive_meta":"1","archive_meta_author":"1","archive_meta_comments":"1","archive_meta_categories":"1","archive_meta_date":"1","archive_date_format":"d F Y","archive_like_post":"0","archive_view_number":"0","author_page_header":"1","author_sidebar":"right","author_sidebar_left":"blog-widget-area","author_sidebar_right":"blog-widget-area","author_loop_style":"list","author_columns":"2","author_columns_tablet":"2","author_sharebox":"0","author_align":"left","author_readmore":"link","author_thumbnail_type":"image","author_excerpt":"1","author_excerpt_length":"30","author_pagination":"classic","author_meta":"1","author_meta_author":"1","author_meta_comments":"1","author_meta_categories":"1","author_meta_date":"1","author_date_format":"d F Y","author_like_post":"0","author_view_number":"0","single_page_header":"1","blog_sidebar":"full","blog_sidebar_left":"primary-widget-area","blog_sidebar_right":"primary-widget-area","title_meta_center":"1","blog_post_format":"1","blog_image_size":"blog_post","blog_share_box":"1","blog_next_prev":"0","blog_author":"0","blog_related":"0","blog_related_type":"categories","blog_meta":"1","blog_meta_author":"1","blog_meta_comments":"1","blog_meta_categories":"1","blog_meta_date":"1","blog_date_format":"d F Y","blog_like_post":"1","blog_view_number":"0","search_page_header":"1","search_sidebar":"right","search_sidebar_left":"primary-widget-area","search_sidebar_right":"primary-widget-area","search_loop_style":"","search_sharebox":"0","search_columns":"3","search_columns_tablet":"2","search_align":"left","search_readmore":"link","search_pagination":"classic","search_excerpt":"1","search_excerpt_length":"30","search_meta":"1","search_meta_author":"1","search_meta_comments":"1","search_meta_categories":"1","search_meta_date":"1","search_date_format":"d F Y","search_like_post":"0","search_view_number":"0","notfound_page_header":"0","404_image":{"url":"http:\/\/wingman.kitethemes.com\/wp-content\/themes\/wingman\/assets\/images\/404.png","id":"","height":"","width":"","thumbnail":""},"notfound_page_type":"default","notfound_page_id":"","shop_content_banner":"<img class=\"aligncenter\" src=\"http:\/\/wingman.kitethemes.com\/wp-content\/uploads\/2015\/12\/shop-banner.png\" alt=\"shop-banner\" \/>","shop_page_header":"1","shop_sidebar":"full","shop_sidebar_left":"shop-widget-area","shop_sidebar_right":"shop-widget-area","shop_products_layout":"grid","shop_gird_cols":"4","shop_products_effect":"center","loop_shop_per_page":"12","product_page_header":"1","product_sidebar":"full","product_sidebar_left":"shop-widget-area","product_sidebar_right":"shop-widget-area","time_product_new":"50","twitter":"#","facebook":"#","pinterest":"#","dribbble":"","vimeo":"#","tumblr":"#","skype":"","linkedin":"","googleplus":"#","youtube":"","instagram":"","enable_popup":"1","disable_popup_mobile":"","time_show":"0","title_popup":"Advanced Popup Module","popup_image":{"url":"http:\/\/wingman.kitethemes.com\/wp-content\/themes\/wingman\/assets\/images\/popup_image.png","id":"","height":"","width":"","thumbnail":""},"content_popup":"<h4 class=\"newletter-title\">Sign up for out newsletter<br \/> to receive special offers.<\/h4>[kt_mailchimp list=\"9306fec7e3\" disable_names=\"yes\"]","social_share":{"facebook":"1","twitter":"1","google_plus":"1","pinterest":"1","linkedin":"1","tumblr":"1","mail":"1"},"twitter_consumer_key":"geINSa0v1hZsHnp9Tj7Km2bgl","twitter_consumer_secret":"ms0lQ6i4nWuIWA0yvByEq97sK72wFAEJWHCdUBDOQog6Yp50cj","twitter_access_key":"2309625042-h1NgGNpzMPYYXfLdlCCcvdBVhZPzjUeo9br7GrZ","twitter_access_secret":"9jzZ2MxHnbyxuGyGs75DuBT1ZF3GtW4JU7oaFO6k91SDR","facebook_app":"417674911655656","mailchimp_api_key":"acf783f889d685580748b6c543235ef9-us5","advanced_editor_css":"","advanced_editor_js":"jQuery(document).ready(function(){\r\n\r\n});","advanced_tracking_code":"","sidebar":"full","kt-presets":0,"redux-backup":"1"}