{"primary-widget-area":{"search-2":{"title":"Search"},"recent-posts-2":{"title":"Recent Posts","number":5},"recent-comments-2":{"title":"Recent Comments","number":5},"archives-2":{"title":"Archives","count":0,"dropdown":0},"categories-2":{"title":"Categories","count":1,"hierarchical":1,"dropdown":0},"meta-2":{"title":"Meta"}},"shop-widget-area":{"woocommerce_product_categories-2":{"title":"Categories","orderby":"name","dropdown":0,"count":"1","hierarchical":"1","show_children_only":0},"kt_image-3":{"title":"","link":"","target":"_self","size":"full","animation":"","align":"center","attachment":517},"woocommerce_layered_nav_filters-2":{"title":"Active Filters"},"woocommerce_price_filter-2":{"title":"Shop by"},"woocommerce_layered_nav-2":{"title":"Colors","display_type":"list","query_type":"or","attribute":"color"},"woocommerce_products-2":{"title":"FEATURED PRODUCT","number":"4","show":"featured","orderby":"date","order":"desc","hide_free":0,"show_hidden":0}},"blog-widget-area":{"woocommerce_product_categories-3":{"title":"Categories","orderby":"name","dropdown":0,"count":0,"hierarchical":"1","show_children_only":0},"kt_image-4":{"title":"","link":"#","target":"_self","size":"full","animation":"","align":"center","attachment":517},"woocommerce_products-4":{"title":"FEATURED PRODUCT","number":"4","show":"featured","orderby":"date","order":"desc","hide_free":0,"show_hidden":0}},"sidebar-column-1":{"kt_image-2":{"title":"","link":"#","target":"_self","size":"full","animation":"","align":"center","attachment":518}},"sidebar-column-2":{"kt_image-5":{"title":"","link":"","target":"_self","size":"full","animation":"","align":"left","attachment":519}},"sidebar-column-3":{"kt_image-6":{"title":"","link":"","target":"_self","size":"full","animation":"","align":"center","attachment":427}},"footer-column-1":{"kt_contactinfo-2":{"title":"Contact","address":"81 Gordon Rd, Mandurah  WA 6210, New York","phone":"(00) 123 456 789","email":"demoemail@domain.com"},"kt_socials-2":{"title":"","value":"facebook,twitter,googleplus,pinterest","style":"custom","background_style":"empty","size":"standard","tooltip":"","align":"","space_between_item":10,"custom_color":"#707070"}},"footer-column-2":{"nav_menu-2":{"title":"MY ACCOUNT","nav_menu":18}},"footer-column-3":{"nav_menu-3":{"title":"INFORMATION","nav_menu":16}},"footer-column-4":{"nav_menu-4":{"title":"Customer Service","nav_menu":15}}}